<?xml version="1.0" encoding="UTF-8"?>
<project-private xmlns="http://www.netbeans.org/ns/project-private/1">
    <editor-bookmarks xmlns="http://www.netbeans.org/ns/editor-bookmarks/2" lastBookmarkId="0"/>
    <open-files xmlns="http://www.netbeans.org/ns/projectui-open-files/2">
        <group>
            <file>file:/M:/JavaGame/Trouble-Game/Trouble/src/simplechat/GUIClientConsole.java</file>
            <file>file:/M:/JavaGame/Trouble-Game/Trouble/src/simplechat/objPiece.java</file>
            <file>file:/M:/JavaGame/Trouble-Game/Trouble/src/simplechat/EchoServer.java</file>
            <file>file:/M:/JavaGame/Trouble-Game/Trouble/src/simplechat/Trouble.java</file>
            <file>file:/M:/JavaGame/Trouble-Game/Trouble/src/simplechat/objPlayer.java</file>
            <file>file:/M:/JavaGame/Trouble-Game/Trouble/src/simplechat/ChatClient.java</file>
        </group>
    </open-files>
</project-private>
